{
    "Qiskit": {
        "1e3": 0.0013615100004244595,
        "1e4": 0.006894250001641922,
        "1e5": 0.06266854999994394
    },
    "Quack CUDA": {
        "1e3": 0.07421006000076887,
        "1e4": 0.11834774999879301,
        "1e5": 1.1857202000013785
    },
    "Quack Numba": {
        "1e3": 0.14671854999905917,
        "1e4": 0.12127794999978506,
        "1e5": 1.1909610900009284
    }
}