{
    "Qiskit": {
        "1e3": 0.0013611200032755733,
        "1e4": 0.006889170000795275,
        "1e5": 0.0606340900005307
    },
    "Quack CUDA": {
        "1e3": 0.07715438000159339,
        "1e4": 0.02152910999720916,
        "1e5": 0.1989891700039152
    },
    "Quack Numba": {
        "1e3": 0.1988607699982822,
        "1e4": 0.02183673999970779,
        "1e5": 0.21198604999808596
    }
}